﻿<project version="2.9" name="Travel Insights - iPhone X" ID="D069D82D-2B03-EA11-ABC5-34363B8530AC">
  <params>
    <pageParam version="5.3" minAllowVersion="5.3"/>
    <projectParam version="2.9" minAllowVersion="2.9" platform="MtMobile" orientation="MoPortrait" mobileScreenScale="1.77777779102325" mobileType="mmtIOS" pageSize="(375,812)" backgroundColor="4294967295" fontSize="0" fontFamily="" projectType="ptPersonalProject" isShowTitleIndex="False"/>
    <previewParam version="1.0"/>
    <colorParam version="1.0"/>
  </params>
  <pages>
    <page name="Home" ID="286CD82D-2B03-EA11-ABC5-34363B8530AC" expanded="True" code="9zZWbQeFdq" thumbCode="9zZWbQeFdq" status="psWhite" isfolder="False" isshownode="True">
      <images>
        <image key="28331D0CFCF4946467D6714C19E45525.png"/>
        <image key="16420B46BAF7430DBD345DAABC4A77C4.jpg"/>
        <image key="1FEFCC3EE20AE840E5C17943EB077876.jpg"/>
        <image key="79B18A5D205CDEBC264FC06817B73584.png"/>
        <image key="46FC7343E0AA2F0200BEB71C12177B8A.png"/>
        <image key="6E5B34DA45867A7F0BBE3DFF710E8849.png"/>
        <image key="1E6AE8CB03A37062406BEE57B0ABAD5E.png"/>
      </images>
    </page>
    <page name="Home1" ID="C676C625-A603-EA11-ABC5-34363B8530AC" expanded="True" code="L8BFZkljtc" thumbCode="L8BFZkljtc" status="psWhite" isfolder="False" isshownode="True">
      <images>
        <image key="28331D0CFCF4946467D6714C19E45525.png"/>
        <image key="16420B46BAF7430DBD345DAABC4A77C4.jpg"/>
        <image key="1FEFCC3EE20AE840E5C17943EB077876.jpg"/>
        <image key="79B18A5D205CDEBC264FC06817B73584.png"/>
        <image key="46FC7343E0AA2F0200BEB71C12177B8A.png"/>
        <image key="6E5B34DA45867A7F0BBE3DFF710E8849.png"/>
        <image key="1E6AE8CB03A37062406BEE57B0ABAD5E.png"/>
      </images>
    </page>
    <page name="Travel Insights" ID="6037054A-A703-EA11-ABC5-34363B8530AC" expanded="True" code="E1ZBf3JEjn" thumbCode="opTT6yhmtb" isLastOpen="True" status="psWhite" isfolder="False" isshownode="True">
      <images>
        <image key="A4FA0434783F773B5F354D832441B14A.png"/>
        <image key="1FEFCC3EE20AE840E5C17943EB077876.jpg"/>
        <image key="79B18A5D205CDEBC264FC06817B73584.png"/>
        <image key="16420B46BAF7430DBD345DAABC4A77C4.jpg"/>
        <image key="7930A25B8E80D972DC8D6A6FCD000D5E.png"/>
        <image key="A95D95A766A34743BFA1FCA59F32DF74.png"/>
        <image key="CEE0BE4083022C32C0BD670239973874.png"/>
        <image key="46FC7343E0AA2F0200BEB71C12177B8A.png"/>
        <image key="A6207A99529CACAFA055571A11194EAE.png"/>
        <image key="3BA8006CE9809C35818CFF639B118E3D.png"/>
        <image key="1E6AE8CB03A37062406BEE57B0ABAD5E.png"/>
      </images>
    </page>
  </pages>
  <trash>
    <page name="Travel Insights" ID="6634ADDD-A403-EA11-ABC5-34363B8530AC" expanded="True" code="oLIjhyUaEi" thumbCode="cdMRKjhz1m" isLastOpen="True" status="psWhite" isfolder="False" isshownode="True"/>
  </trash>
  <deletes/>
  <masters/>
  <images>
    <image key="3BA8006CE9809C35818CFF639B118E3D.png"/>
    <image key="CEE0BE4083022C32C0BD670239973874.png"/>
    <image key="7930A25B8E80D972DC8D6A6FCD000D5E.png"/>
    <image key="46FC7343E0AA2F0200BEB71C12177B8A.png"/>
    <image key="6E5B34DA45867A7F0BBE3DFF710E8849.png"/>
    <image key="28331D0CFCF4946467D6714C19E45525.png"/>
    <image key="1FEFCC3EE20AE840E5C17943EB077876.jpg"/>
    <image key="79B18A5D205CDEBC264FC06817B73584.png"/>
    <image key="16420B46BAF7430DBD345DAABC4A77C4.jpg"/>
    <image key="A95D95A766A34743BFA1FCA59F32DF74.png"/>
    <image key="A6207A99529CACAFA055571A11194EAE.png"/>
    <image key="A4FA0434783F773B5F354D832441B14A.png"/>
    <image key="1E6AE8CB03A37062406BEE57B0ABAD5E.png"/>
  </images>
</project>