﻿<mockup version="5.3" minAllowVersion="5.3" ID="286CD82D-2B03-EA11-ABC5-34363B8530AC" platform="MtMobile" defaultW="375" defaultH="812" measureW="375" measureH="812" screenOrientation="MoPortrait" mobileScreenScale="1.77777779102325" clipArea="(0,0,0,0)">
  <controls controlCount="14">
    <control controlID="48E059C3-A203-EA11-ABC5-34363B8530AC" controlTypeID="Image" x="111" y="10" w="154" h="51" zOrder="0">
      <URL>1E6AE8CB03A37062406BEE57B0ABAD5E.png</URL>
    </control>
    <control controlID="34B13714-A303-EA11-ABC5-34363B8530AC" controlTypeID="Image" x="10" y="17" w="36" h="44" zOrder="1">
      <URL>79B18A5D205CDEBC264FC06817B73584.png</URL>
    </control>
    <control controlID="B6B7FE41-A303-EA11-ABC5-34363B8530AC" controlTypeID="Image" x="326" y="17" w="39" h="38" zOrder="2">
      <URL>46FC7343E0AA2F0200BEB71C12177B8A.png</URL>
    </control>
    <control controlID="761E7063-A303-EA11-ABC5-34363B8530AC" controlTypeID="Image" x="0" y="79" w="375" h="97" zOrder="3">
      <URL>1FEFCC3EE20AE840E5C17943EB077876.jpg</URL>
    </control>
    <control controlID="FC5C64AF-A303-EA11-ABC5-34363B8530AC" controlTypeID="Image" x="79" y="326" w="218" h="390" zOrder="4">
      <URL>6E5B34DA45867A7F0BBE3DFF710E8849.png</URL>
    </control>
    <control controlID="569B3DD4-A303-EA11-ABC5-34363B8530AC" controlTypeID="Image" x="0" y="176" w="375" h="166" zOrder="5">
      <URL>16420B46BAF7430DBD345DAABC4A77C4.jpg</URL>
    </control>
    <control controlID="840A80EA-A303-EA11-ABC5-34363B8530AC" controlTypeID="Shape" x="343" y="249" w="32" h="21" zOrder="6">
      <borderVisible>False</borderVisible>
      <font family="" displayName="" postScript="" weightStyle="" weight="0" isBold="False" isItalic="False"/>
      <textSize>14</textSize>
      <selectedIndex>-1</selectedIndex>
    </control>
    <control controlID="D4E4B93F-A403-EA11-ABC5-34363B8530AC" controlTypeID="Image" x="0" y="698" w="174" h="114" zOrder="7">
      <URL>28331D0CFCF4946467D6714C19E45525.png</URL>
    </control>
    <control controlID="7479DC5D-A703-EA11-ABC5-34363B8530AC" controlTypeID="Shape" x="174" y="318" w="40" h="17" zOrder="8">
      <borderVisible>False</borderVisible>
      <font family="" displayName="" postScript="" weightStyle="" weight="0" isBold="False" isItalic="False"/>
      <textSize>14</textSize>
      <selectedIndex>-1</selectedIndex>
    </control>
    <control controlID="283065D0-A503-EA11-ABC5-34363B8530AC" controlTypeID="PopupMenu" x="10" y="13" w="46" h="46" zOrder="9">
      <caption>More</caption>
      <groupChildrenDescriptors>
        <control controlID="926165D0-A503-EA11-ABC5-34363B8530AC" controlTypeID="Panel" x="0" y="0" w="375" h="812" zOrder="0">
          <locked>True</locked>
          <color>1879048192</color>
          <borderVisible>False</borderVisible>
          <canMove>False</canMove>
          <alias>background</alias>
          <groupChildrenDescriptors>
            <control controlID="568E65D0-A503-EA11-ABC5-34363B8530AC" controlTypeID="Border" x="0" y="0" w="375" h="812" zOrder="0">
              <borderVisible>False</borderVisible>
              <alias>borderLayer</alias>
            </control>
          </groupChildrenDescriptors>
          <thinkness>1</thinkness>
        </control>
        <control controlID="62C365D0-A503-EA11-ABC5-34363B8530AC" controlTypeID="PopupPanelContent" x="93" y="339" w="213" h="385" zOrder="1">
          <borderVisible>True</borderVisible>
          <alias>content</alias>
          <groupChildrenDescriptors>
            <control controlID="3CD565D0-A503-EA11-ABC5-34363B8530AC" controlTypeID="List" x="0" y="0" w="213" h="385" zOrder="0">
              <color>4293980400</color>
              <alias>menu</alias>
              <font family="" displayName="" postScript="" weightStyle="" weight="0" isBold="False" isItalic="False"/>
              <text>Rental+Cars%0ATravel+Talks%0AAll+Airlines%0ABest+of+2019%0ATrip+Tips%0ATravel+Insights%0AHit+the+Road%0AHelp+Center</text>
              <textSize>14</textSize>
              <lineSpacing>0</lineSpacing>
              <selectedColor>268435455</selectedColor>
              <itemHeight>48</itemHeight>
            </control>
          </groupChildrenDescriptors>
        </control>
      </groupChildrenDescriptors>
    </control>
  </controls>
  <param>
    <backgroundColor>4294967295</backgroundColor>
    <fontSize>0</fontSize>
    <fontFamily/>
    <guideLines/>
  </param>
</mockup>