﻿<mockup version="5.3" minAllowVersion="5.3" ID="286CD82D-2B03-EA11-ABC5-34363B8530AC" platform="MtMobile" defaultW="375" defaultH="812" measureW="375" measureH="812" screenOrientation="MoPortrait" mobileScreenScale="1.77777779102325" clipArea="(0,0,0,0)">
  <controls controlCount="30">
    <control controlID="48E059C3-A203-EA11-ABC5-34363B8530AC" controlTypeID="Image" x="111" y="18" w="154" h="51" zOrder="0">
      <URL>1E6AE8CB03A37062406BEE57B0ABAD5E.png</URL>
    </control>
    <control controlID="34B13714-A303-EA11-ABC5-34363B8530AC" controlTypeID="Image" x="10" y="17" w="36" h="44" zOrder="1">
      <URL>79B18A5D205CDEBC264FC06817B73584.png</URL>
    </control>
    <control controlID="B6B7FE41-A303-EA11-ABC5-34363B8530AC" controlTypeID="Image" x="321" y="23" w="39" h="38" zOrder="2">
      <URL>46FC7343E0AA2F0200BEB71C12177B8A.png</URL>
    </control>
    <control controlID="761E7063-A303-EA11-ABC5-34363B8530AC" controlTypeID="Image" x="0" y="79" w="375" h="97" zOrder="3">
      <URL>1FEFCC3EE20AE840E5C17943EB077876.jpg</URL>
    </control>
    <control controlID="569B3DD4-A303-EA11-ABC5-34363B8530AC" controlTypeID="Image" x="0" y="176" w="375" h="158" zOrder="4">
      <URL>16420B46BAF7430DBD345DAABC4A77C4.jpg</URL>
    </control>
    <control controlID="840A80EA-A303-EA11-ABC5-34363B8530AC" controlTypeID="Shape" x="343" y="243" w="32" h="27" zOrder="5">
      <borderVisible>False</borderVisible>
      <font family="" displayName="" postScript="" weightStyle="" weight="0" isBold="False" isItalic="False"/>
      <textSize>14</textSize>
      <selectedIndex>-1</selectedIndex>
    </control>
    <control controlID="E66E9A74-A703-EA11-ABC5-34363B8530AC" controlTypeID="Shape" x="178" y="311" w="32" h="23" zOrder="6">
      <borderVisible>False</borderVisible>
      <font family="" displayName="" postScript="" weightStyle="" weight="0" isBold="False" isItalic="False"/>
      <textSize>14</textSize>
      <selectedIndex>-1</selectedIndex>
    </control>
    <control controlID="F29F331B-A803-EA11-ABC5-34363B8530AC" controlTypeID="Label" x="10" y="344" w="363" h="23" zOrder="7">
      <font family="Al+Bayan" displayName="Al+Bayan+Plain" postScript="AlBayan" weightStyle="Plain" weight="400" isBold="False" isItalic="False" useDefaultFontFamily="False"/>
      <text>The+key+objective+of+this+new+page+under+the+%22More%22</text>
      <textSize>15</textSize>
      <lineSpacing>0</lineSpacing>
      <textStyles>[fsItalic]</textStyles>
      <useDefaultTextSize>False</useDefaultTextSize>
      <selectedIndex>-1</selectedIndex>
    </control>
    <control controlID="A0E9F17D-A803-EA11-ABC5-34363B8530AC" controlTypeID="Label" x="10" y="367" w="335" h="23" zOrder="8">
      <font family="Al+Bayan" displayName="Al+Bayan+Plain" postScript="AlBayan" weightStyle="Plain" weight="400" isBold="False" isItalic="False" useDefaultFontFamily="False"/>
      <text>down+is+to+allow+users+to+assemble+information+</text>
      <textSize>15</textSize>
      <lineSpacing>0</lineSpacing>
      <useDefaultTextSize>False</useDefaultTextSize>
      <selectedIndex>-1</selectedIndex>
    </control>
    <control controlID="2042B4E2-A803-EA11-ABC5-34363B8530AC" controlTypeID="Label" x="10" y="390" w="350" h="23" zOrder="9">
      <font family="Al+Bayan" displayName="Al+Bayan+Plain" postScript="AlBayan" weightStyle="Plain" weight="400" isBold="False" isItalic="False" useDefaultFontFamily="False"/>
      <text>on+a+trip+they+are+planning+to+make+based+on+past+</text>
      <textSize>15</textSize>
      <lineSpacing>0</lineSpacing>
      <useDefaultTextSize>False</useDefaultTextSize>
      <selectedIndex>-1</selectedIndex>
    </control>
    <control controlID="1672B718-A903-EA11-ABC5-34363B8530AC" controlTypeID="Label" x="10" y="413" w="334" h="23" zOrder="10">
      <font family="Al+Bayan" displayName="Al+Bayan+Plain" postScript="AlBayan" weightStyle="Plain" weight="400" isBold="False" isItalic="False" useDefaultFontFamily="False"/>
      <text>travel+data+(specifically+factored+by+pricing+and+</text>
      <textSize>15</textSize>
      <lineSpacing>0</lineSpacing>
      <useDefaultTextSize>False</useDefaultTextSize>
      <selectedIndex>-1</selectedIndex>
    </control>
    <control controlID="D609282D-A903-EA11-ABC5-34363B8530AC" controlTypeID="Label" x="10" y="436" w="127" h="23" zOrder="11">
      <font family="Al+Bayan" displayName="Al+Bayan+Plain" postScript="AlBayan" weightStyle="Plain" weight="400" isBold="False" isItalic="False" useDefaultFontFamily="False"/>
      <text>country%2Fregion).++</text>
      <textSize>15</textSize>
      <lineSpacing>0</lineSpacing>
      <useDefaultTextSize>False</useDefaultTextSize>
      <selectedIndex>-1</selectedIndex>
    </control>
    <control controlID="8E3DDBF6-A903-EA11-ABC5-34363B8530AC" controlTypeID="ScrollView" x="-1" y="479" w="355" h="333" zOrder="12">
      <groupChildrenDescriptors>
        <control controlID="648ADBF6-A903-EA11-ABC5-34363B8530AC" controlTypeID="ScrollViewContentPanel" x="0" y="0" w="408" h="2022" zOrder="0">
          <alias>contentPanel</alias>
          <groupChildrenDescriptors>
            <control controlID="D8801084-C303-EA11-ABC5-34363B8530AC" controlTypeID="Image" x="48" y="10" w="260" h="138" zOrder="0">
              <URL>3BA8006CE9809C35818CFF639B118E3D.png</URL>
            </control>
            <control controlID="A6158B1E-C403-EA11-ABC5-34363B8530AC" controlTypeID="Image" x="10" y="146" w="353" h="457" zOrder="1">
              <URL>7930A25B8E80D972DC8D6A6FCD000D5E.png</URL>
            </control>
            <control controlID="E44D5754-C403-EA11-ABC5-34363B8530AC" controlTypeID="Line" x="2" y="615" w="353" h="1" zOrder="2">
              <font family="" displayName="" postScript="" weightStyle="" weight="0" isBold="False" isItalic="False"/>
              <textSize>14</textSize>
              <lineSpacing>0</lineSpacing>
              <controlPoint>(177,0)</controlPoint>
              <startPoint>(1,0)</startPoint>
              <endPoint>(353,0)</endPoint>
            </control>
            <control controlID="927F5670-C403-EA11-ABC5-34363B8530AC" controlTypeID="Image" x="2" y="616" w="349" h="87" zOrder="3">
              <URL>A95D95A766A34743BFA1FCA59F32DF74.png</URL>
            </control>
            <control controlID="00C2AFAC-C403-EA11-ABC5-34363B8530AC" controlTypeID="Image" x="25" y="743" w="383" h="542" zOrder="4">
              <URL>A4FA0434783F773B5F354D832441B14A.png</URL>
            </control>
            <control controlID="1CBEE0EA-C403-EA11-ABC5-34363B8530AC" controlTypeID="Line" x="1" y="1296" w="349" h="1" zOrder="5">
              <font family="" displayName="" postScript="" weightStyle="" weight="0" isBold="False" isItalic="False"/>
              <textSize>14</textSize>
              <lineSpacing>0</lineSpacing>
              <controlPoint>(175,1)</controlPoint>
              <startPoint>(1,1)</startPoint>
              <endPoint>(349,1)</endPoint>
            </control>
            <control controlID="908E800B-C503-EA11-ABC5-34363B8530AC" controlTypeID="Image" x="20" y="1297" w="328" h="85" zOrder="6">
              <URL>CEE0BE4083022C32C0BD670239973874.png</URL>
            </control>
            <control controlID="C06FAD22-C503-EA11-ABC5-34363B8530AC" controlTypeID="Image" x="20" y="1398" w="356" h="238" zOrder="7">
              <URL>A6207A99529CACAFA055571A11194EAE.png</URL>
            </control>
          </groupChildrenDescriptors>
        </control>
        <control controlID="3EBADBF6-A903-EA11-ABC5-34363B8530AC" controlTypeID="Border" x="0" y="0" w="355" h="333" zOrder="1">
          <color>4284900966</color>
          <borderColor>4278190080</borderColor>
          <alias>borderLayer</alias>
        </control>
      </groupChildrenDescriptors>
    </control>
    <control controlID="3A976A58-B803-EA11-ABC5-34363B8530AC" controlTypeID="Label" x="10" y="322" w="39" h="22" zOrder="13">
      <font family="Al+Bayan" displayName="Al+Bayan+Bold" postScript="AlBayan-Bold" weightStyle="Bold" weight="700" isBold="True" isItalic="False" useDefaultFontFamily="False"/>
      <text>Note%3A</text>
      <lineSpacing>0</lineSpacing>
      <textStyles>[fsBold]</textStyles>
      <selectedIndex>-1</selectedIndex>
    </control>
    <control controlID="409AE864-C503-EA11-ABC5-34363B8530AC" controlTypeID="Label" x="136" y="128" w="112" h="25" zOrder="14">
      <font family="Al+Bayan" displayName="Al+Bayan+Plain" postScript="AlBayan" weightStyle="Plain" weight="400" isBold="False" isItalic="False" useDefaultFontFamily="False"/>
      <text>Travel+Insights</text>
      <textColor>4294967295</textColor>
      <textSize>16</textSize>
      <lineSpacing>0</lineSpacing>
      <useDefaultTextSize>False</useDefaultTextSize>
    </control>
    <control controlID="283065D0-A503-EA11-ABC5-34363B8530AC" controlTypeID="PopupMenu" x="10" y="13" w="46" h="46" zOrder="15">
      <caption>More</caption>
      <color>0</color>
      <groupChildrenDescriptors>
        <control controlID="926165D0-A503-EA11-ABC5-34363B8530AC" controlTypeID="Panel" x="0" y="0" w="375" h="812" zOrder="0">
          <locked>True</locked>
          <color>0</color>
          <borderVisible>False</borderVisible>
          <canMove>False</canMove>
          <alias>background</alias>
          <groupChildrenDescriptors>
            <control controlID="568E65D0-A503-EA11-ABC5-34363B8530AC" controlTypeID="Border" x="0" y="0" w="375" h="812" zOrder="0">
              <borderVisible>False</borderVisible>
              <alias>borderLayer</alias>
            </control>
          </groupChildrenDescriptors>
          <thinkness>1</thinkness>
        </control>
        <control controlID="62C365D0-A503-EA11-ABC5-34363B8530AC" controlTypeID="PopupPanelContent" x="80" y="346" w="224" h="381" zOrder="1">
          <borderVisible>True</borderVisible>
          <alias>content</alias>
          <groupChildrenDescriptors>
            <control controlID="3CD565D0-A503-EA11-ABC5-34363B8530AC" controlTypeID="List" x="0" y="0" w="224" h="381" zOrder="0">
              <color>4293980400</color>
              <alias>menu</alias>
              <font family="" displayName="" postScript="" weightStyle="" weight="0" isBold="False" isItalic="False"/>
              <text>Rental+Cars%0ATravel+Talks%0AAll+Airlines%0ABest+of+2019%0ATrip+Tips%0ATravel+Insights%0AHit+the+Road%0AHelp+Center</text>
              <textSize>14</textSize>
              <lineSpacing>0</lineSpacing>
              <selectedColor>268435455</selectedColor>
              <itemHeight>48</itemHeight>
            </control>
          </groupChildrenDescriptors>
        </control>
      </groupChildrenDescriptors>
    </control>
  </controls>
  <param>
    <backgroundColor>4294967295</backgroundColor>
    <fontSize>0</fontSize>
    <fontFamily/>
    <guideLines/>
  </param>
</mockup>